"phenotype_id","variant_id","start_distance","af","ma_samples","ma_count","pval_g","b_g","b_g_se","pval_i","b_i","b_i_se","pval_gi","b_gi","b_gi_se","tests_emt","pval_emt","pval_adj_bh","cell_type","V1","V5","V7","V9"
"ENSG00000005108.15","chr7_11229865_C_T_b38",-602333,0.0803571,63,63,0.00052234,-0.261655,0.0747641,1.13377e-05,-11.9158,2.67733,3.98599e-09,15.4157,2.55691,1746,6.95955e-06,0.00315371,"rgc","chr7","THSD7A","protein_coding","protein_coding"
"ENSG00000013293.5","chr3_171534493_C_A_b38",948419,0.691892,228,249,0.0127559,0.0989006,0.0395183,0.36085,-1.75097,1.91389,7.87823e-08,-7.30191,1.33252,1069,8.42183e-05,0.025258,"rgc","chr3","SLC7A14","protein_coding","protein_coding"
"ENSG00000030582.17","chr17_44625723_GAC_G_b38",280637,0.0835443,64,66,6.35116e-07,-0.232153,0.0458064,0.699074,-0.178434,0.461224,8.23355e-08,1.7424,0.318462,846,6.96558e-05,0.0436332,"astro","chr17","GRN","protein_coding","protein_coding"
"ENSG00000034510.5","chr2_85164752_G_A_b38",259127,0.295393,223,238,0.00019036,0.161487,0.0428421,1.07882e-17,25.1879,2.79456,6.20242e-09,-9.24359,1.55351,996,6.17761e-06,0.00286023,"rgc","chr2","TMSB10","protein_coding","protein_coding"
"ENSG00000063244.12","chr19_54728395_A_G_b38",-925751,0.602041,376,321,1.29915e-08,-0.609871,0.104854,1.19458e-11,-13.4794,1.92523,1.35737e-10,10.0199,1.51637,2969,4.03003e-07,0.00858316,"hc","chr19","U2AF2","protein_coding","protein_coding"
"ENSG00000064763.10","chr12_29727591_T_C_b38",578488,0.585135,276,335,3.73803e-05,0.17251,0.0413332,1.82839e-12,29.3369,4.02167,7.91222e-08,-10.8822,1.9862,1100,8.70344e-05,0.0253926,"rgc","chr12","FAR2","protein_coding","protein_coding"
"ENSG00000070087.13","chr3_150908461_A_G_b38",857733,0.0849057,34,36,0.00607665,-0.220732,0.0799907,1.84107e-05,-2.81097,0.647715,3.8034e-08,2.99802,0.533675,1400,5.32477e-05,0.0389009,"astro","chr3","PFN2","protein_coding","protein_coding"
"ENSG00000071655.17","chr19_2099363_C_T_b38",506562,0.302419,347,243,1.32645e-07,0.531008,0.0987119,0.00133395,4.55612,1.40918,8.25905e-10,-9.30578,1.47626,2375,1.96152e-06,0.0208883,"cones","chr19","MBD3","protein_coding","protein_coding"
"ENSG00000071894.16","chr8_144399250_C_T_b38",-10099,0.385678,250,310,3.01288e-57,-0.692195,0.036185,0.995239,-0.00788011,1.31973,3.77089e-10,3.61468,0.561545,768,2.89604e-07,0.003084,"bc.off","chr8","CPSF1","protein_coding","protein_coding"
"ENSG00000072041.16","chr12_85571471_CGAGA_C_b38",657856,0.0806452,57,60,0.0186113,-0.20827,0.0881142,0.00103828,-3.05108,0.922858,2.65475e-08,2.65482,0.467002,493,1.30879e-05,0.01841,"astro","chr12","SLC6A15","protein_coding","protein_coding"
"ENSG00000084731.14","chr2_26518430_A_G_b38",535681,0.382267,280,308,0.00122298,0.111253,0.0341412,9.53293e-19,20.9114,2.24036,2.1896e-10,-8.14375,1.24745,654,1.432e-07,9.53084e-05,"rgc","chr2","KIF3C","protein_coding","protein_coding"
"ENSG00000085831.15","chr1_51040393_T_C_b38",-304723,0.0608466,46,46,0.000222244,0.355188,0.0952497,8.59985e-23,29.4716,2.80398,8.48737e-12,-21.9002,3.10399,524,4.44738e-09,4.51049e-06,"rgc","chr1","TTC39A","protein_coding","protein_coding"
"ENSG00000086061.15","chr9_33147531_GCCC_G_b38",122320,0.172152,122,136,0.0434316,0.0834001,0.0411554,2.84735e-06,8.904,1.87263,3.34141e-08,-9.76622,1.73101,1238,4.13666e-05,0.0142101,"rgc","chr9","DNAJA1","protein_coding","protein_coding"
"ENSG00000086289.11","chr7_37720689_T_C_b38",-199872,0.69403,207,247,0.00514557,-0.134331,0.0477281,3.03914e-05,10.0932,2.39019,2.72593e-08,10.7337,1.88977,1336,3.64185e-05,0.0129273,"rgc","chr7","EPDR1","protein_coding","protein_coding"
"ENSG00000091129.19","chr7_107829630_G_GTGGCTCACGCCTGTAATCCCAGCACT_b38",-627087,0.0828488,53,57,2.50634e-07,-0.488135,0.092895,0.0122255,2.14345,0.851279,1.08654e-08,3.1917,0.545687,863,9.37683e-06,0.0153621,"astro","chr7","NRCAM","protein_coding","protein_coding"
"ENSG00000091664.7","chr11_23284284_T_G_b38",946038,0.132242,100,105,0.00336449,0.169708,0.057501,5.24517e-22,25.1677,2.44629,4.43329e-11,-15.9955,2.35535,951,4.21605e-08,3.17378e-05,"rgc","chr11","SLC17A6","protein_coding","protein_coding"
"ENSG00000100227.17","chr22_41842023_A_C_b38",-772939,0.16129,122,130,0.0210762,-0.0984541,0.0425016,9.24136e-06,-8.13321,1.80871,1.39774e-07,8.91056,1.65957,1458,0.000203791,0.049322,"rgc","chr22","POLDIP3","protein_coding","protein_coding"
"ENSG00000100285.9","chr22_29143513_C_T_b38",-336730,0.0768262,56,61,1.80466e-05,0.318687,0.0733551,2.1844e-34,38.7053,2.84981,2.99407e-21,-16.6112,1.64937,809,2.4222e-18,2.5794e-14,"rgc","chr22","NEFH","protein_coding","protein_coding"
"ENSG00000100485.11","chr14_50088869_GCACT_G_b38",-142689,0.443467,278,357,7.9991e-06,-0.178844,0.0394887,0.526622,0.461522,0.728218,1.856e-09,1.60434,0.260295,1094,2.03046e-06,0.0054056,"astro","chr14","SOS2","protein_coding","protein_coding"
"ENSG00000102189.16","chr12_93260943_T_C_b38",331612,0.0614035,48,49,1.74717e-05,-0.296429,0.0681148,0.883276,0.0868214,0.59095,3.52496e-09,2.85309,0.471522,1098,3.8704e-06,0.0074938,"astro","chr12","EEA1","protein_coding","protein_coding"
"ENSG00000103034.14","chr16_58978513_T_G_b38",515667,0.496259,303,399,0.000128326,-0.104014,0.0268739,0.105951,2.22399,1.37232,2.06283e-08,6.48188,1.13092,1385,2.85701e-05,0.0108658,"rgc","chr16","NDRG4","protein_coding","protein_coding"
"ENSG00000103485.17","chr16_29809159_C_T_b38",130151,0.160759,115,127,0.159874,0.0822177,0.05838,2.61751e-13,23.7773,3.13282,1.94948e-07,-9.40405,1.77294,438,8.53871e-05,0.025258,"rgc","chr16","QPRT","protein_coding","protein_coding"
"ENSG00000104435.13","chr8_79852818_A_G_b38",242004,0.702806,209,240,1.35348e-05,-0.170659,0.0386944,1.93898e-07,9.5987,1.80928,2.56954e-18,13.2581,1.44052,908,2.33314e-15,1.11014e-11,"rgc","chr8","STMN2","protein_coding","protein_coding"
"ENSG00000104722.13","chr8_24538610_G_C_b38",-376108,0.0686813,47,50,0.000337679,0.323349,0.0893657,1.37701e-30,38.2498,3.03325,2.54139e-16,-25.1616,2.93104,915,2.32537e-13,4.95257e-10,"rgc","chr8","NEFM","protein_coding","protein_coding"
"ENSG00000104833.11","chr19_6276224_G_A_b38",-226624,0.165722,109,117,0.000156547,0.120441,0.0315311,1.07377e-09,6.76812,1.08143,2.63856e-08,-8.37095,1.47222,1642,4.33252e-05,0.0146467,"rgc","chr19","TUBB4A","protein_coding","protein_coding"
"ENSG00000105255.10","chr19_3769755_G_A_b38",-534845,0.784431,125,174,0.000116444,0.163025,0.0418544,3.16011e-13,28.2546,3.73663,5.20457e-08,-10.647,1.91541,1950,0.000101489,0.0285896,"rgc","chr19","FSD1","protein_coding","protein_coding"
"ENSG00000105711.11","chr19_35458422_T_TTAGA_b38",427956,0.632199,249,297,0.0116347,-0.0801841,0.0316231,2.64827e-05,6.99395,1.64363,2.51836e-09,7.62214,1.24746,1182,2.9767e-06,0.00147437,"rgc","chr19","SCN1B","protein_coding","protein_coding"
"ENSG00000106665.15","chr7_73920657_T_G_b38",-368818,0.325444,331,262,0.000365716,-0.164207,0.0456533,0.816765,-0.12182,0.525374,2.14523e-08,1.73971,0.303917,685,1.46948e-05,0.01841,"astro","chr7","CLIP2","protein_coding","protein_coding"
"ENSG00000106683.14","chr7_73650378_G_A_b38",-432555,0.350404,242,282,0.0048111,-0.06474,0.0228238,1.4886e-09,6.44306,1.03888,1.50082e-07,6.07762,1.13487,750,0.000112561,0.0299667,"rgc","chr7","LIMK1","protein_coding","protein_coding"
"ENSG00000106789.12","chr9_98466616_TA_T_b38",273976,0.0782493,58,59,0.0130775,0.272556,0.109299,2.60488e-12,27.3602,3.77901,2.34541e-08,-21.3019,3.73207,1088,2.55181e-05,0.0101213,"rgc","chr9","CORO2A","protein_coding","protein_coding"
"ENSG00000107105.14","chr9_22931805_T_C_b38",-894532,0.868421,96,107,0.00516569,-0.162194,0.0576541,0.182631,-4.56357,3.4179,1.65403e-07,12.3598,2.31613,1166,0.00019286,0.047762,"rgc","chr9","ELAVL2","protein_coding","protein_coding"
"ENSG00000107263.18","chr9_131759734_C_G_b38",19660,0.31738,225,255,0.00659855,-0.122999,0.0450237,0.0277089,1.51204,0.684152,1.16818e-11,2.12774,0.303747,1261,1.47308e-08,0.000104579,"astro","chr9","RAPGEF1","protein_coding","protein_coding"
"ENSG00000107282.7","chr9_69335373_G_T_b38",-336933,0.445402,301,358,0.0910014,-0.0747623,0.0441194,0.401749,1.7624,2.09943,9.00855e-08,10.0841,1.84891,984,8.86441e-05,0.0255127,"rgc","chr9","APBA1","protein_coding","protein_coding"
"ENSG00000108861.8","chr17_43677671_T_A_b38",-101317,0.897626,66,83,0.00193176,0.244717,0.0783634,1.95936e-11,61.2735,8.85116,3.61204e-07,-23.0898,4.45575,545,0.000196856,0.0481912,"rgc","chr17","DUSP3","protein_coding","protein_coding"
"ENSG00000112769.18","chr6_112840803_C_G_b38",585864,0.784091,152,175,0.0070119,-0.193448,0.0713466,0.00350704,9.57823,3.25984,1.56484e-07,13.5886,2.54124,706,0.000110478,0.0297842,"rgc","chr6","LAMA4","protein_coding","protein_coding"
"ENSG00000114446.4","chr3_108096916_T_A_b38",-125654,0.234491,163,189,1.03064e-19,0.589275,0.06124,0.557731,0.543859,0.926906,8.2847e-08,-2.34711,0.429077,900,7.45623e-05,0.0453722,"astro","chr3","IFT57","protein_coding","protein_coding"
"ENSG00000116161.17","chr1_175862178_C_A_b38",863015,0.19685,135,150,0.0382953,-0.0839932,0.040399,0.170973,1.98142,1.44446,3.49949e-13,13.5817,1.7998,735,2.57212e-10,3.42382e-07,"rgc","chr1","CACYBP","protein_coding","protein_coding"
"ENSG00000117335.19","chr1_207771508_T_C_b38",19451,0.563776,270,352,3.63731e-06,-0.296353,0.0630259,3.71617e-07,-5.2171,1.00788,2.77673e-09,2.88123,0.472881,916,2.54348e-06,0.0159934,"mg","chr1","CD46","protein_coding","protein_coding"
"ENSG00000118898.15","chr16_3965728_C_T_b38",-995013,0.631514,241,297,2.39281e-05,-0.234075,0.054704,0.568118,-0.611977,1.07114,1.04201e-08,2.19452,0.374712,1981,2.06422e-05,0.0206602,"astro","chr16","PPL","protein_coding","protein_coding"
"ENSG00000119688.20","chr14_73657720_C_T_b38",-645336,0.32,208,257,0.000961796,0.145791,0.0438056,0.00635376,2.37513,0.865396,8.30951e-08,-1.60096,0.292704,640,5.31808e-05,0.0389009,"astro","chr14","ABCD4","protein_coding","protein_coding"
"ENSG00000120694.19","chr13_31420022_G_A_b38",257634,0.070529,55,56,0.00152805,-0.260056,0.0814444,0.0693619,3.25017,1.78451,1.04102e-07,21.3765,3.93946,1310,0.000136373,0.0358578,"rgc","chr13","HSPH1","protein_coding","protein_coding"
"ENSG00000121769.7","chr1_30785412_T_C_b38",-591438,0.265217,284,213,0.0108876,-0.238692,0.0932684,0.0104467,7.04978,2.73907,1.8978e-07,23.725,4.46843,554,0.000105138,0.0288061,"rgc","chr1","FABP3","protein_coding","protein_coding"
"ENSG00000122012.13","chr5_75713259_A_ACTTT_b38",-369913,0.0645161,50,52,8.22566e-06,0.327623,0.0724386,1.88329e-33,32.6772,2.44868,2.5562e-20,-23.8025,2.42867,985,2.51786e-17,1.78751e-13,"rgc","chr5","SV2C","protein_coding","protein_coding"
"ENSG00000122733.12","chr9_34939024_T_TAATC_b38",-18584,0.0687023,54,54,0.00622797,0.190557,0.0692619,1.99087e-24,22.6872,2.06878,3.38378e-10,-15.125,2.34303,861,2.91344e-07,0.000182501,"rgc","chr9","PHF24","protein_coding","protein_coding"
"ENSG00000123349.13","chr12_52805119_A_G_b38",-490172,0.0944444,66,68,1.55869e-08,0.698223,0.120735,0.976033,0.0261775,0.870742,3.58869e-09,-5.16528,0.854098,1097,3.93679e-06,0.0167692,"mg","chr12","PFDN5","protein_coding","protein_coding"
"ENSG00000124785.8","chr6_6142752_T_A_b38",135147,0.065,50,52,0.00362971,0.290273,0.09916,1.01985e-21,33.1012,3.24343,1.61943e-11,-22.7385,3.27028,1936,3.13522e-08,2.56823e-05,"rgc","chr6","NRN1","protein_coding","protein_coding"
"ENSG00000125249.6","chr13_96907857_A_G_b38",-526365,0.0889724,69,71,1.6827e-06,-0.344207,0.0707296,0.198326,-0.998386,0.77476,2.27677e-09,2.74284,0.447606,1138,2.59096e-06,0.00603819,"astro","chr13","RAP2A","protein_coding","protein_coding"
"ENSG00000127418.14","chr4_1607000_G_A_b38",597064,0.869159,75,106,3.67049e-06,-0.40425,0.0860085,8.03491e-07,-6.30228,1.25541,2.98089e-08,3.23248,0.570783,1171,3.49063e-05,0.0298564,"astro","chr4","FGFRL1","protein_coding","protein_coding"
"ENSG00000127993.15","chr7_91868273_T_C_b38",-660500,0.29771,210,239,4.68656e-05,-0.195247,0.0473966,0.000663285,-8.50079,2.47589,7.69708e-08,12.3234,2.24706,613,4.71831e-05,0.0155682,"rgc","chr7","RBM48","protein_coding","protein_coding"
"ENSG00000128245.14","chr22_32603241_G_A_b38",658780,0.115714,79,81,6.41732e-05,0.271244,0.0670881,1.41473e-29,33.0233,2.67465,5.47153e-17,-22.7462,2.5864,1444,7.90088e-14,2.10341e-10,"rgc","chr22","YWHAH","protein_coding","protein_coding"
"ENSG00000130294.15","chr2_240040542_T_C_b38",-779766,0.0573566,46,46,0.329614,-0.0238773,0.0244601,0.983116,0.0149835,0.707544,1.63887e-07,4.00127,0.749556,1166,0.000191092,0.047762,"rgc","chr2","KIF1A","protein_coding","protein_coding"
"ENSG00000130540.13","chr22_44778466_C_T_b38",915963,0.386447,305,311,4.06878e-08,-0.279562,0.049877,0.00019192,6.65106,1.76551,2.52429e-08,12.7003,2.2304,2393,6.04063e-05,0.0189196,"rgc","chr22","SULT4A1","protein_coding","protein_coding"
"ENSG00000132953.16","chr13_20268687_G_A_b38",-634361,0.0818182,52,54,4.56473e-05,-0.347125,0.0841356,0.400232,0.632078,0.750529,1.39942e-08,3.36284,0.579518,1525,2.13412e-05,0.0206602,"astro","chr13","XPO4","protein_coding","protein_coding"
"ENSG00000133256.12","chr4_520412_G_T_b38",-105172,0.0766283,40,40,0.00636266,-0.326411,0.11895,0.548716,0.520347,0.866904,1.15334e-08,4.48795,0.768735,1033,1.1914e-05,0.0181246,"astro","chr4","PDE6B","protein_coding","protein_coding"
"ENSG00000133816.13","chr11_12634163_A_G_b38",540155,0.105479,71,77,0.111057,0.0794544,0.0497438,1.09517e-20,20.9121,2.11061,2.82892e-13,-9.251,1.22075,1996,5.64652e-10,6.32946e-07,"rgc","chr11","MICAL2","protein_coding","protein_coding"
"ENSG00000134453.15","chr10_6094144_T_C_b38",5157,0.38481,248,310,0.533267,0.0377963,0.060609,0.0338496,2.38144,1.11818,6.24927e-09,-2.45444,0.412594,2228,1.39234e-05,0.01841,"astro","chr10","RBM17","protein_coding","protein_coding"
"ENSG00000135390.17","chr12_53678223_A_G_b38",815,0.307398,221,247,8.39771e-35,0.955964,0.0698477,0.000764532,4.88975,1.44092,9.07353e-12,-7.8189,1.10986,1024,9.29129e-09,0.000197886,"cones","chr12","ATP5G2","protein_coding","protein_coding"
"ENSG00000135390.17","chr12_53678223_A_G_b38",815,0.307398,221,247,9.25652e-47,0.88725,0.0533829,0.119648,2.65403,1.70146,5.03245e-15,-6.18727,0.757652,1042,5.24381e-12,1.11683e-07,"bc.off","chr12","ATP5G2","protein_coding","protein_coding"
"ENSG00000135424.15","chr12_55657274_G_A_b38",-58762,0.100796,74,76,2.66416e-05,-0.402981,0.0947348,0.361697,-0.985048,1.0786,6.17243e-08,3.37134,0.610057,592,3.65408e-05,0.0298564,"astro","chr12","ITGA7","protein_coding","protein_coding"
"ENSG00000137216.18","chr6_44144722_G_A_b38",17808,0.0905707,68,73,2.05819e-26,0.997639,0.0866935,0.293948,-1.7614,1.67594,2.16516e-09,-8.43427,1.37442,1209,2.61767e-06,0.0185837,"bc.off","chr6","TMEM63B","protein_coding","protein_coding"
"ENSG00000137267.5","chr6_2600830_T_C_b38",-556696,0.0678851,47,52,0.000195383,0.311197,0.0827083,0.000179644,6.90249,1.82396,1.84149e-08,-18.7199,3.25424,1735,3.19499e-05,0.0117322,"rgc","chr6","TUBB2A","protein_coding","protein_coding"
"ENSG00000139514.12","chr13_28700496_T_C_b38",-895192,0.468672,288,377,0.000127185,-0.321366,0.0829818,0.453385,1.16302,1.54951,4.11936e-08,3.06466,0.546997,1551,6.38913e-05,0.0419702,"astro","chr13","SLC7A1","protein_coding","protein_coding"
"ENSG00000139641.12","chr12_56333458_T_C_b38",205402,0.060241,40,40,9.18935e-05,0.355432,0.0898821,1.2066e-29,30.1073,2.43491,6.53158e-13,-20.0883,2.69569,632,4.12796e-10,4.88429e-07,"rgc","chr12","ESYT1","protein_coding","protein_coding"
"ENSG00000139998.14","chr14_64961447_T_C_b38",-11329,0.325062,214,262,2.72276e-23,0.418019,0.0392473,8.0637e-13,21.1027,2.84404,5.38639e-09,-8.64562,1.44687,1017,5.47796e-06,0.00259266,"rgc","chr14","RAB15","protein_coding","protein_coding"
"ENSG00000142185.16","chr21_45014162_G_A_b38",663999,0.170732,100,112,0.187131,0.0588349,0.0445195,6.18142e-16,20.4448,2.41622,3.27055e-09,-8.41621,1.38788,1392,4.55261e-06,0.00220367,"rgc","chr21","TRPM2","protein_coding","protein_coding"
"ENSG00000143858.11","chr1_201954353_C_T_b38",-756064,0.414234,305,333,5.41045e-05,0.190819,0.0467154,3.73336e-33,48.2016,3.63257,8.04372e-18,-16.991,1.87697,1151,9.25832e-15,3.17547e-11,"rgc","chr1","SYT2","protein_coding","protein_coding"
"ENSG00000144834.13","chr3_112462544_G_A_b38",463880,0.280669,268,226,0.00586862,0.122381,0.0441639,3.26263e-11,13.3019,1.94451,2.65402e-09,-11.4537,1.87738,835,2.21611e-06,0.00115119,"rgc","chr3","TAGLN3","protein_coding","protein_coding"
"ENSG00000146072.6","chr6_48113728_C_T_b38",803823,0.126866,97,102,0.00904389,0.213156,0.0812268,3.80385e-13,27.4099,3.63833,1.3215e-07,-18.2379,3.38989,772,0.00010202,0.0285896,"rgc","chr6","TNFRSF21","protein_coding","protein_coding"
"ENSG00000147432.6","chr8_41848966_T_C_b38",-848410,0.306122,294,246,0.0708044,0.116541,0.0643184,5.36396e-20,34.1914,3.52267,3.12293e-11,-13.0697,1.9086,567,1.7707e-08,1.5085e-05,"rgc","chr8","CHRNB3","protein_coding","protein_coding"
"ENSG00000147434.8","chr8_41847392_T_C_b38",-949000,0.363636,314,293,0.093709,0.108953,0.0648354,2.61679e-13,27.2229,3.58677,3.43882e-07,-9.98486,1.92318,504,0.000173317,0.043944,"rgc","chr8","CHRNA6","protein_coding","protein_coding"
"ENSG00000148798.10","chr10_104108635_T_C_b38",831472,0.182353,84,93,0.00981866,0.13419,0.0516997,6.04083e-18,19.3923,2.13325,4.27497e-09,-10.251,1.70378,684,2.92408e-06,0.00147437,"rgc","chr10","INA","protein_coding","protein_coding"
"ENSG00000149256.15","chr11_80050720_T_G_b38",609772,0.44429,296,358,9.73316e-06,0.335062,0.0747063,0.000402052,4.44573,1.24487,2.87266e-08,-3.02102,0.532796,1304,3.74595e-05,0.0298564,"astro","chr11","TENM4","protein_coding","protein_coding"
"ENSG00000151615.3","chr4_146970650_G_A_b38",331757,0.502506,309,401,0.00310636,-0.165667,0.0556574,1.73991e-06,12.8272,2.63963,6.49215e-10,14.1706,2.23342,688,4.4666e-07,0.000271799,"rgc","chr4","POU4F2","protein_coding","protein_coding"
"ENSG00000152117.17","chr2_131524504_C_T_b38",31691,0.167939,122,132,8.28547e-39,-1.34097,0.091318,0.0253863,-2.9274,1.30423,7.30341e-09,8.86677,1.49756,674,4.9225e-06,0.0349464,"cones","chr2","AC093838.4","transcribed_processed_pseudogene","pseudogene"
"ENSG00000152128.13","chr2_134410934_G_C_b38",-308066,0.0836177,46,49,0.00328283,0.285091,0.0963422,3.10373e-20,31.389,3.21085,1.76758e-11,-22.5951,3.2562,903,1.59613e-08,1.41643e-05,"rgc","chr2","TMEM163","protein_coding","protein_coding"
"ENSG00000152192.7","chr13_78877121_A_C_b38",273561,0.166134,95,104,0.00585744,0.176127,0.0635448,1.07362e-20,28.9722,2.92336,5.17547e-11,-11.5035,1.70019,835,4.32152e-08,3.17378e-05,"rgc","chr13","POU4F1","protein_coding","protein_coding"
"ENSG00000152214.12","chr18_43258288_T_C_b38",142597,0.326303,213,263,0.000197064,-0.242859,0.064584,8.14383e-06,12.7512,2.81795,1.70604e-08,19.513,3.38385,685,1.16864e-05,0.00518534,"rgc","chr18","RIT2","protein_coding","protein_coding"
"ENSG00000153012.11","chr4_24265713_A_G_b38",-765166,0.23,164,184,9.9943e-06,0.249664,0.0557397,2.3013e-16,26.3537,3.06502,7.14926e-10,-14.321,2.26299,1535,1.09741e-06,0.000615071,"rgc","chr4","LGI2","protein_coding","protein_coding"
"ENSG00000154277.12","chr4_40754881_A_G_b38",-501532,0.282723,209,227,1.37494e-05,0.192689,0.0437251,6.46299e-24,30.6137,2.82806,6.29001e-17,-13.0127,1.48283,1500,9.43502e-14,2.23274e-10,"rgc","chr4","UCHL1","protein_coding","protein_coding"
"ENSG00000154917.10","chr3_133076870_G_A_b38",-818966,0.168342,121,134,0.000328508,0.207038,0.0571038,2.74212e-16,24.7424,2.88573,6.75187e-08,-14.4599,2.62468,1121,7.56885e-05,0.0233625,"rgc","chr3","RAB6B","protein_coding","protein_coding"
"ENSG00000155980.11","chr12_58138574_T_A_b38",588576,0.495509,326,399,0.0345516,0.125393,0.059109,1.49832e-11,33.6278,4.82779,1.59639e-07,-12.9396,2.42164,504,8.04579e-05,0.0244799,"rgc","chr12","KIF5A","protein_coding","protein_coding"
"ENSG00000157110.15","chr8_29778978_T_C_b38",-605501,0.5,351,403,7.70192e-05,-0.277135,0.0693143,8.73692e-07,12.6283,2.52421,6.70615e-14,21.12,2.71055,1076,7.21581e-11,1.09773e-07,"rgc","chr8","RBPMS","protein_coding","protein_coding"
"ENSG00000158258.16","chr3_140652388_G_A_b38",717203,0.186747,112,124,0.0101244,0.154907,0.0599299,1.49726e-21,30.3023,2.98316,3.60844e-11,-11.4934,1.68415,1003,3.61927e-08,2.85493e-05,"rgc","chr3","CLSTN2","protein_coding","protein_coding"
"ENSG00000160208.12","chr21_43698399_G_T_b38",38851,0.605985,256,318,0.00970338,-0.266454,0.102494,3.64264e-10,5.79905,0.900073,5.19833e-09,-1.28504,0.214827,1243,6.46152e-06,0.0458725,"rods","chr21","RRP1B","protein_coding","protein_coding"
"ENSG00000162929.13","chr2_60516540_T_A_b38",-549331,0.380829,262,306,1.00608e-05,0.213314,0.0476402,0.0225533,2.07192,0.904577,1.96247e-09,-2.00475,0.325774,888,1.74268e-06,0.00530222,"astro","chr2","KIAA1841","protein_coding","protein_coding"
"ENSG00000163032.11","chr2_18391929_A_C_b38",852803,0.0620155,47,48,8.15154e-06,0.343197,0.0758482,1.10993e-24,25.5519,2.31525,7.90476e-15,-19.2781,2.37946,1116,8.82171e-12,1.70804e-08,"rgc","chr2","VSNL1","protein_coding","protein_coding"
"ENSG00000164054.15","chr3_48057173_G_C_b38",-447653,0.648196,238,284,2.27568e-05,0.132244,0.0308214,0.0162158,1.40127,0.580225,1.28114e-07,-1.06289,0.197339,139,1.78078e-05,0.0206602,"astro","chr3","SHISA5","protein_coding","protein_coding"
"ENSG00000164330.16","chr5_158362017_T_C_b38",-737744,0.0517677,40,41,0.00255968,0.283432,0.0933309,1.0083e-24,31.2308,2.82687,2.3606e-12,-21.2688,2.93149,1063,2.50932e-09,2.67217e-06,"rgc","chr5","EBF1","protein_coding","protein_coding"
"ENSG00000164402.13","chr5_132503478_C_T_b38",-303763,0.293353,232,236,1.16807e-10,-0.63648,0.0959618,0.846626,-0.236906,1.22394,3.39404e-09,4.15119,0.685297,885,3.00373e-06,0.0159934,"mg","chr5","SEPT8","protein_coding","protein_coding"
"ENSG00000164402.13","chr5_132503478_C_T_b38",-303763,0.293353,232,236,0.00273541,0.220889,0.0732326,0.342405,-1.13577,1.19474,2.14071e-08,-2.48069,0.433332,873,1.86884e-05,0.0206602,"astro","chr5","SEPT8","protein_coding","protein_coding"
"ENSG00000164484.11","chr6_130136933_C_A_b38",-228801,0.509975,301,395,0.000463135,-0.166143,0.0470293,4.99524e-07,-19.3298,3.77767,9.00146e-08,10.6775,1.95767,1172,0.000105497,0.0288061,"rgc","chr6","TMEM200A","protein_coding","protein_coding"
"ENSG00000165458.13","chr11_71508362_A_ATGTGTAGTTTTAAAATGCC_b38",-715339,0.126126,50,56,0.0448945,-0.0743034,0.0369218,0.653577,0.401818,0.894593,2.6378e-08,9.48476,1.66809,797,2.10232e-05,0.00877947,"rgc","chr11","INPPL1","protein_coding","protein_coding"
"ENSG00000166006.12","chr12_75721113_T_C_b38",511245,0.0792254,44,45,0.000876441,0.25084,0.0747722,3.40163e-15,19.4403,2.36442,3.69123e-08,-13.162,2.34061,1017,3.75398e-05,0.0131069,"rgc","chr12","KCNC2","protein_coding","protein_coding"
"ENSG00000166546.13","chr16_66343505_T_C_b38",-83792,0.674242,287,263,0.00631631,-0.191296,0.0696498,0.0214016,6.58207,2.84862,6.151e-10,14.1325,2.22418,926,5.69582e-07,0.000336971,"rgc","chr16","BEAN1","protein_coding","protein_coding"
"ENSG00000166963.12","chr15_42950070_C_T_b38",-560888,0.14557,106,115,3.48146e-05,0.164514,0.0392579,1.73368e-27,23.2102,1.96769,2.55178e-17,-9.91291,1.1141,409,1.04368e-14,3.17547e-11,"rgc","chr15","MAP1A","protein_coding","protein_coding"
"ENSG00000166974.12","chr18_34353021_G_GT_b38",-623907,0.0694087,53,54,0.0158552,-0.146453,0.0604336,4.40022e-07,-10.3174,2.00633,3.74978e-08,11.365,2.02212,957,3.58854e-05,0.0129273,"rgc","chr18","MAPRE2","protein_coding","protein_coding"
"ENSG00000167178.15","chr15_73423081_G_A_b38",-677230,0.0855263,64,65,2.96322e-05,0.278345,0.0658222,1.21489e-17,21.2397,2.36067,3.47467e-08,-13.634,2.41968,767,2.66507e-05,0.0103201,"rgc","chr15","ISLR2","protein_coding","protein_coding"
"ENSG00000167315.17","chr18_49765042_C_T_b38",-48918,0.538462,288,372,3.56371e-53,1.576,0.0867954,0.0199388,2.97524,1.27277,4.06933e-10,-4.04438,0.629558,1392,5.6645e-07,0.00603213,"mg","chr18","ACAA2","protein_coding","protein_coding"
"ENSG00000167525.13","chr17_28852500_A_G_b38",140646,0.194514,140,156,0.00696465,-0.170827,0.0629504,0.721812,-0.827027,2.3211,2.93581e-07,-14.2925,2.73627,520,0.000152662,0.0391735,"rgc","chr17","PROCA1","protein_coding","protein_coding"
"ENSG00000167528.12","chr12_48470055_T_C_b38",118641,0.8875,82,91,0.000253106,-0.3505,0.0948608,0.00504727,4.70362,1.66745,2.6221e-08,-3.58774,0.630855,1096,2.87382e-05,0.0266116,"astro","chr12","ZNF641","protein_coding","protein_coding"
"ENSG00000168481.8","chr8_21281471_T_C_b38",-875361,0.841232,63,128,0.00513422,-0.147757,0.0524849,0.211217,2.12138,1.69387,4.23449e-14,9.51945,1.21126,1560,6.6058e-11,1.08223e-07,"rgc","chr8","LGI3","protein_coding","protein_coding"
"ENSG00000168824.14","chr4_4587621_A_C_b38",239481,0.873199,85,103,0.000876288,-0.179239,0.0534282,0.119958,-3.85202,2.47156,6.25677e-11,11.4369,1.69811,2604,1.62926e-07,0.000105152,"rgc","chr4","NSG1","protein_coding","protein_coding"
"ENSG00000168993.14","chr4_1067047_C_A_b38",240849,0.0734908,55,56,0.0360914,0.105166,0.0499947,2.65661e-19,16.3737,1.7235,1.11954e-09,-10.727,1.71598,1092,1.22253e-06,0.000667629,"rgc","chr4","CPLX1","protein_coding","protein_coding"
"ENSG00000169045.17","chr5_179609356_G_A_b38",-25428,0.218362,161,176,2.21706e-30,1.32455,0.105487,0.0217359,2.73922,1.18854,1.36915e-13,-5.97459,0.777299,1807,2.47405e-10,5.26922e-06,"mg","chr5","HNRNPH1","protein_coding","protein_coding"
"ENSG00000169045.17","chr5_179609356_G_A_b38",-25428,0.218362,161,176,0.0228212,-0.168298,0.0736234,0.0798022,-1.85425,1.05556,3.10849e-28,6.09693,0.508338,1803,5.60462e-25,1.19367e-20,"astro","chr5","HNRNPH1","protein_coding","protein_coding"
"ENSG00000170561.12","chr5_3362222_C_A_b38",610560,0.794737,72,166,2.38079e-05,-0.456259,0.1066,0.00223261,-18.0896,5.8754,2.27454e-11,29.74,4.31092,2516,5.72275e-08,4.06277e-05,"rgc","chr5","IRX2","protein_coding","protein_coding"
"ENSG00000171189.17","chr21_29435064_G_A_b38",-504969,0.359797,288,289,0.00013885,-0.222821,0.0578691,5.69993e-08,-21.573,3.89307,6.41865e-08,12.2708,2.22345,745,4.7819e-05,0.0155682,"rgc","chr21","GRIK1","protein_coding","protein_coding"
"ENSG00000172379.20","chr15_81066111_G_C_b38",661760,0.842783,115,127,8.07159e-06,0.537926,0.118827,0.0304595,3.91916,1.80409,9.9357e-10,-4.31321,0.687708,1413,1.40391e-06,0.00530222,"astro","chr15","ARNT2","protein_coding","protein_coding"
"ENSG00000173267.13","chr10_85994586_C_T_b38",-964032,0.137717,106,111,0.00201377,0.107806,0.0346615,1.27515e-26,19.1539,1.65639,4.52344e-14,-7.45969,0.950338,971,4.39226e-11,7.79552e-08,"rgc","chr10","SNCG","protein_coding","protein_coding"
"ENSG00000174403.15","chr20_61853135_G_C_b38",-698391,0.810881,67,153,0.00398102,-0.254502,0.0878261,0.0599013,5.37116,2.84596,7.41975e-09,12.7262,2.15044,2375,1.76219e-05,0.00750623,"rgc","chr20","C20orf166-AS1","antisense","other"
"ENSG00000175894.14","chr21_44640305_G_A_b38",-71275,0.21464,156,173,2.23791e-15,0.703943,0.0850046,0.309461,-1.24253,1.22086,4.05154e-13,4.41639,0.586961,1679,6.80253e-10,7.24402e-06,"astro","chr21","TSPEAR","protein_coding","protein_coding"
"ENSG00000176105.13","chr18_1808887_C_T_b38",996341,0.0675,53,54,8.13933e-06,0.389325,0.0860365,0.14692,1.20354,0.828007,3.65065e-08,-3.38888,0.602428,1551,5.66216e-05,0.0389009,"astro","chr18","YES1","protein_coding","protein_coding"
"ENSG00000177098.8","chr11_117820430_C_T_b38",-332458,0.746753,230,205,0.000471638,-0.206029,0.058402,0.000105004,10.0291,2.55774,6.42604e-12,13.8459,1.95033,1239,7.96186e-09,7.37268e-06,"rgc","chr11","SCN4B","protein_coding","protein_coding"
"ENSG00000179119.14","chr11_18249058_A_G_b38",-385733,0.175781,81,90,0.036976,-0.186733,0.0891931,0.862941,0.441723,2.55698,4.25808e-08,20.4879,3.66087,1133,4.82441e-05,0.0155682,"rgc","chr11","SPTY2D1","protein_coding","protein_coding"
"ENSG00000180155.19","chr8_143133551_G_A_b38",355741,0.221939,157,174,0.0160527,0.0596157,0.0246469,2.47187e-22,15.518,1.49485,1.57598e-09,-5.24574,0.847177,1386,2.18431e-06,0.00115119,"rgc","chr8","LYNX1","protein_coding","protein_coding"
"ENSG00000182307.12","chr8_144388575_C_T_b38",-663803,0.513258,326,393,2.79402e-05,0.272386,0.0642027,0.000637849,4.10578,1.19203,6.37202e-08,-2.35526,0.426659,331,2.10914e-05,0.0206602,"astro","chr8","C8orf33","protein_coding","protein_coding"
"ENSG00000183423.11","chr4_110637838_G_A_b38",789636,0.156746,76,79,0.000280843,-0.518773,0.141455,0.261572,-1.62073,1.44142,5.74635e-08,5.40471,0.975604,976,5.60844e-05,0.0389009,"astro","chr4","LRIT3","protein_coding","protein_coding"
"ENSG00000185352.8","chr13_96139896_C_T_b38",49057,0.398477,260,321,0.00264532,-0.117544,0.038836,7.54842e-06,8.45254,1.86101,2.51343e-08,10.9649,1.92537,1021,2.56621e-05,0.0101213,"rgc","chr13","HS6ST3","protein_coding","protein_coding"
"ENSG00000185567.6","chr14_104781544_A_T_b38",-196813,0.685039,352,254,0.0036058,-0.243892,0.0832561,0.0302622,5.07292,2.33239,2.23325e-18,17.8259,1.93293,1167,2.6062e-15,1.11014e-11,"rgc","chr14","AHNAK2","protein_coding","protein_coding"
"ENSG00000185666.14","chr22_33672581_A_G_b38",614209,0.364754,251,293,0.00808444,0.122291,0.045924,5.4368e-14,27.1478,3.47044,7.55033e-08,-9.62569,1.75399,1878,0.000141795,0.0368287,"rgc","chr22","SYN3","protein_coding","protein_coding"
"ENSG00000187664.8","chr19_18387753_T_TGGAAG_b38",-875043,0.154891,109,114,0.000147478,0.210049,0.0547709,8.12678e-23,27.0315,2.57013,4.21297e-13,-17.8389,2.37274,799,3.36616e-10,4.2172e-07,"rgc","chr19","HAPLN4","protein_coding","protein_coding"
"ENSG00000197106.6","chr1_109749469_G_C_b38",-401017,0.0965147,70,72,0.000607276,0.171949,0.0497244,4.6242e-14,14.7107,1.87486,1.15124e-08,-10.7392,1.8394,1129,1.29975e-05,0.00564942,"rgc","chr1","SLC6A17","protein_coding","protein_coding"
"ENSG00000204624.7","chr1_11447959_G_A_b38",-31207,0.545226,294,367,0.225557,0.102089,0.0840994,0.487753,-0.474362,0.682947,3.80597e-09,1.07296,0.177724,1146,4.36164e-06,0.0458725,"rods","chr1","DISP3","protein_coding","protein_coding"
"ENSG00000215305.9","chr20_2078287_C_T_b38",-762416,0.0685619,41,41,7.22893e-08,-0.573178,0.104286,0.369755,-0.730458,0.813405,2.3597e-08,3.59594,0.63013,1604,3.78497e-05,0.0298564,"astro","chr20","VPS16","protein_coding","protein_coding"
"ENSG00000215644.9","chr17_82415576_C_T_b38",611442,0.198953,138,152,0.0134943,0.11107,0.0447445,0.685809,0.967973,2.39085,1.87935e-08,-7.81334,1.35915,1608,3.022e-05,0.0112917,"rgc","chr17","GCGR","protein_coding","protein_coding"
"ENSG00000226389.3","chr10_50294469_G_A_b38",522628,0.549223,282,364,1.00119e-07,0.938914,0.172793,0.000687656,22.3871,6.53959,1.10646e-08,-15.3372,2.6237,870,9.62621e-06,0.0410038,"bc.off","chr10","MAPK6PS6","processed_pseudogene","pseudogene"
"ENSG00000231925.11","chr6_33825319_G_A_b38",510932,0.125,79,87,2.44231e-05,-0.222629,0.0520872,0.613145,-0.353635,0.698861,6.98244e-10,2.10711,0.332752,2218,1.54871e-06,0.00530222,"astro","chr6","TAPBP","protein_coding","protein_coding"
"ENSG00000236279.6","chr7_139641971_CTT_C_b38",118115,0.0837104,37,37,4.35266e-06,0.389095,0.083441,1.54206e-24,23.7123,2.15624,1.20943e-13,-18.6502,2.42062,1368,1.65451e-10,2.34918e-07,"rgc","chr7","CLEC2L","protein_coding","protein_coding"
"ENSG00000238001.2","chr9_33427093_T_C_b38",750573,0.672457,215,264,0.00143906,-0.207778,0.0647119,4.74545e-08,-26.5518,4.76175,3.626e-08,13.6978,2.43446,1448,5.25045e-05,0.0166902,"rgc","chr9","SNRPCP1","processed_pseudogene","pseudogene"
"ENSG00000241978.9","chr9_109174721_G_A_b38",-873877,0.136232,85,94,1.63924e-05,-0.518421,0.118725,0.261279,1.66116,1.47647,1.00346e-08,4.46338,0.761228,740,7.42563e-06,0.0131793,"astro","chr9","AKAP2","protein_coding","protein_coding"
"ENSG00000248540.2","chr15_73423081_G_A_b38",-706197,0.0855263,64,65,2.82491e-06,0.48809,0.102615,7.88402e-20,35.5392,3.68022,8.11765e-11,-25.2456,3.77222,771,6.25871e-08,4.29993e-05,"rgc","chr15","RP11-247C2.2","lincRNA","lincRNA"
"ENSG00000250312.6","chr4_165271_A_G_b38",40791,0.560881,278,354,0.000344449,-0.424992,0.11763,2.06134e-05,13.7453,3.18646,1.09315e-08,-11.4857,1.96409,604,6.60261e-06,0.0351556,"cones","chr4","ZNF718","protein_coding","protein_coding"
"ENSG00000250312.6","chr4_171607_G_A_b38",47127,0.440722,278,355,9.80664e-12,0.612034,0.0870269,1.46841e-06,-14.9504,3.05414,1.42251e-08,7.69689,1.32709,616,8.76268e-06,0.0410038,"bc.off","chr4","ZNF718","protein_coding","protein_coding"
"ENSG00000250366.2","chr14_95469876_TTGATGATGACGA_T_b38",-406516,0.0735294,44,45,0.00628517,0.254206,0.0924994,6.00781e-19,26.3392,2.80375,3.65907e-12,-20.9584,2.91603,1948,7.12787e-09,6.90042e-06,"rgc","chr14","TUNAR","protein_coding","protein_coding"
"ENSG00000258890.6","chr17_64215593_C_T_b38",-291139,0.6075,246,317,3.51573e-06,-0.172478,0.0366239,8.41364e-05,-7.87405,1.98022,1.1512e-09,8.66349,1.38694,829,9.54347e-07,0.000549343,"rgc","chr17","CEP95","protein_coding","protein_coding"
"ENSG00000258947.6","chr16_89558001_T_G_b38",-363391,0.0966921,71,76,0.00260342,0.0901027,0.0297211,4.01209e-22,10.4278,1.01032,1.92665e-08,-6.23984,1.0863,1121,2.15978e-05,0.00884594,"rgc","chr16","TUBB3","protein_coding","protein_coding"
"ENSG00000259925.1","chr16_19414073_A_G_b38",12380,0.617795,259,309,0.973123,0.00622668,0.184687,0.313377,-1.45481,1.44108,2.3795e-09,2.32105,0.379253,824,1.96071e-06,0.0417592,"rods","chr16","CTA-363E6.2","lincRNA","lincRNA"
"ENSG00000259925.1","chr16_19399095_G_A_b38",-2598,0.620647,257,306,1.53163e-68,1.46794,0.0672439,1.21193e-06,5.94312,1.20424,1.7011e-09,-2.91944,0.472499,836,1.42212e-06,0.00530222,"astro","chr16","CTA-363E6.2","lincRNA","lincRNA"
"ENSG00000261441.1","chr15_88348266_G_C_b38",-986787,0.176282,101,110,3.50113e-07,-0.875603,0.168766,0.935387,0.150212,1.85162,5.51572e-08,6.40558,1.15465,1179,6.50304e-05,0.0419702,"astro","chr15","RP11-217B1.2","antisense","other"
"ENSG00000277586.2","chr8_24538610_G_C_b38",-418010,0.0686813,47,50,0.00106389,0.266229,0.0806978,4.23381e-38,39.7423,2.73905,6.9365e-22,-27.1383,2.64675,891,6.18042e-19,1.31631e-14,"rgc","chr8","NEFL","protein_coding","protein_coding"
"ENSG00000280265.1","chr16_19399948_G_C_b38",6573,0.6175,259,309,1.50186e-53,1.39877,0.0766566,0.000395725,4.91217,1.37383,3.4199e-09,-3.26725,0.539491,829,2.8351e-06,0.00603819,"astro","chr16","CTA-363E6.3","TEC","other"
